codigo,nombre,marca,unidad_negocio,rubro,unidad,costo,stock_minimo,unidades_por_pallet,codigo_barras,proveedor_habitual
20501,HIERRO ADN 420 6 MM X 12 M,Acindar,COR,Hierros y mallas,UN,4200,200,,,
20502,HIERRO ADN 420 8 MM X 12 M,Acindar,COR,Hierros y mallas,UN,6500,300,,,
20503,HIERRO ADN 420 10 MM X 12 M,Acindar,COR,Hierros y mallas,UN,10100,200,,,
20504,HIERRO ADN 420 12 MM X 12 M,Acindar,COR,Hierros y mallas,UN,14500,150,,,
20505,HIERRO ADN 420 16 MM X 12 M,Acindar,COR,Hierros y mallas,UN,25800,60,,,
20506,"MALLA SIMA 15X15 4,2 MM 2,40 X 6 M",Acindar,COR,Hierros y mallas,UN,52000,20,,,
20507,"MALLA SIMA 15X25 4,2 MM 2,40 X 6 M",Acindar,COR,Hierros y mallas,UN,38500,20,,,
20508,ALAMBRE NEGRO RECOCIDO N° 16,Acindar,COR,Hierros y mallas,KG,3200,50,,,
20509,ALAMBRE GALVANIZADO N° 14,Acindar,COR,Hierros y mallas,KG,3900,30,,,
50501,CEMENTO PORTLAND LOMA NEGRA X 50 KG,Loma Negra,COR,Cementos y cales,BOLSA,10400,300,40,7790050401003,
50502,CEMENTO PORTLAND HOLCIM X 50 KG,Holcim,COR,Cementos y cales,BOLSA,9800,200,40,7790050401010,
50503,CEMENTO PORTLAND AVELLANEDA X 50 KG,Cementos Avellaneda,COR,Cementos y cales,BOLSA,9500,100,40,7790050401027,
50504,CAL HIDRATADA CACIQUE X 25 KG,Cacique,COR,Cementos y cales,BOLSA,4600,200,60,7790050401034,
50505,CAL HIDRATADA MILAGRO X 25 KG,Milagro,COR,Cementos y cales,BOLSA,4300,150,60,7790050401041,
50506,PLASTICOR X 40 KG,Loma Negra,COR,Cementos y cales,BOLSA,8700,150,50,7790050401058,
30501,LADRILLO HUECO 8X18X33,Cerámica Cerro Negro,COR,Ladrillos y bloques,UN,620,2000,216,,
30502,LADRILLO HUECO 12X18X33,Cerámica Cerro Negro,COR,Ladrillos y bloques,UN,750,2000,144,,
30503,LADRILLO HUECO 18X18X33,Cerámica Cerro Negro,COR,Ladrillos y bloques,UN,1050,1500,90,,
30504,LADRILLO PORTANTE 18X19X33,Cerámica Cerro Negro,COR,Ladrillos y bloques,UN,1450,1000,90,,
30505,LADRILLO COMUN DE CAMPO,,COR,Ladrillos y bloques,UN,210,5000,,,
30506,BLOQUE DE HORMIGON 20X20X40,,COR,Ladrillos y bloques,UN,1350,500,90,,
30507,BLOQUE DE HORMIGON 15X20X40,,COR,Ladrillos y bloques,UN,1150,500,105,,
40501,"VIGUETA PRETENSADA X 2,00 M",Tensolite,COR,Viguetas y premoldeados,UN,16500,20,,,
40502,"VIGUETA PRETENSADA X 2,50 M",Tensolite,COR,Viguetas y premoldeados,UN,20500,20,,,
40503,"VIGUETA PRETENSADA X 3,00 M",Tensolite,COR,Viguetas y premoldeados,UN,24500,20,,,
40504,"VIGUETA PRETENSADA X 3,50 M",Tensolite,COR,Viguetas y premoldeados,UN,28500,20,,,
40505,"VIGUETA PRETENSADA X 4,00 M",Tensolite,COR,Viguetas y premoldeados,UN,32500,15,,,
40506,"VIGUETA PRETENSADA X 4,50 M",Tensolite,COR,Viguetas y premoldeados,UN,36500,15,,,
40507,"VIGUETA PRETENSADA X 5,00 M",Tensolite,COR,Viguetas y premoldeados,UN,40500,10,,,
40508,"LADRILLO CERAMICO PARA LOSA 9,5X38X25",Cerámica Cerro Negro,COR,Viguetas y premoldeados,UN,1150,400,200,,
40509,LADRILLO DE TELGOPOR PARA LOSA 10X40X100,,COR,Viguetas y premoldeados,UN,2900,100,,,
10501,ARENA GRUESA,,COR,Materiales gruesos,M3,32000,10,,,
10502,ARENA FINA,,COR,Materiales gruesos,M3,30000,10,,,
10503,PIEDRA PARTIDA 6-20,,COR,Materiales gruesos,M3,52000,10,,,
10504,CASCOTE,,COR,Materiales gruesos,M3,18000,5,,,
10505,ARENA GRUESA EN BOLSON (1 M3),,COR,Materiales gruesos,UN,36000,10,,,
10506,PIEDRA PARTIDA 6-20 EN BOLSON (1 M3),,COR,Materiales gruesos,UN,56000,10,,,
10507,CASCOTE EN BOLSON (1 M3),,COR,Materiales gruesos,UN,21000,5,,,
60501,HIDROFUGO CERESITA X 20 KG,Weber,COR,Impermeabilización,UN,19000,20,,7790050401065,
70501,"PLACA DE YESO STANDARD 9,5 MM 1,20 X 2,40 M",Durlock,COR,Construcción en seco,PLACA,11500,60,60,,
